{
  "HTTP Request 5" : {
    "transaction" : "HTTP Request 5",
    "sampleCount" : 5,
    "errorCount" : 0,
    "errorPct" : 0.0,
    "meanResTime" : 12.4,
    "medianResTime" : 5.0,
    "minResTime" : 4.0,
    "maxResTime" : 43.0,
    "pct1ResTime" : 43.0,
    "pct2ResTime" : 43.0,
    "pct3ResTime" : 43.0,
    "throughput" : 7.122507122507122,
    "receivedKBytesPerSec" : 1.3146033653846154,
    "sentKBytesPerSec" : 1.418936965811966
  },
  "HTTP Request 10" : {
    "transaction" : "HTTP Request 10",
    "sampleCount" : 10,
    "errorCount" : 0,
    "errorPct" : 0.0,
    "meanResTime" : 5.9,
    "medianResTime" : 6.0,
    "minResTime" : 5.0,
    "maxResTime" : 7.0,
    "pct1ResTime" : 6.9,
    "pct2ResTime" : 7.0,
    "pct3ResTime" : 7.0,
    "throughput" : 11.061946902654867,
    "receivedKBytesPerSec" : 2.041706996681416,
    "sentKBytesPerSec" : 2.2037472345132745
  },
  "HTTP Request 250" : {
    "transaction" : "HTTP Request 250",
    "sampleCount" : 250,
    "errorCount" : 0,
    "errorPct" : 0.0,
    "meanResTime" : 2.848,
    "medianResTime" : 3.0,
    "minResTime" : 2.0,
    "maxResTime" : 6.0,
    "pct1ResTime" : 4.0,
    "pct2ResTime" : 4.0,
    "pct3ResTime" : 5.0,
    "throughput" : 250.501002004008,
    "receivedKBytesPerSec" : 46.23504822144289,
    "sentKBytesPerSec" : 49.90449649298597
  },
  "Total" : {
    "transaction" : "Total",
    "sampleCount" : 415,
    "errorCount" : 0,
    "errorPct" : 0.0,
    "meanResTime" : 3.236144578313252,
    "medianResTime" : 3.0,
    "minResTime" : 2.0,
    "maxResTime" : 43.0,
    "pct1ResTime" : 5.0,
    "pct2ResTime" : 5.0,
    "pct3ResTime" : 6.0,
    "throughput" : 19.827998088867655,
    "receivedKBytesPerSec" : 3.6596598035117056,
    "sentKBytesPerSec" : 3.950108994266603
  },
  "HTTP Request 100" : {
    "transaction" : "HTTP Request 100",
    "sampleCount" : 100,
    "errorCount" : 0,
    "errorPct" : 0.0,
    "meanResTime" : 3.16,
    "medianResTime" : 3.0,
    "minResTime" : 2.0,
    "maxResTime" : 6.0,
    "pct1ResTime" : 4.0,
    "pct2ResTime" : 5.0,
    "pct3ResTime" : 6.0,
    "throughput" : 100.80645161290322,
    "receivedKBytesPerSec" : 18.605878276209676,
    "sentKBytesPerSec" : 20.082535282258064
  },
  "HTTP Request 50" : {
    "transaction" : "HTTP Request 50",
    "sampleCount" : 50,
    "errorCount" : 0,
    "errorPct" : 0.0,
    "meanResTime" : 3.88,
    "medianResTime" : 4.0,
    "minResTime" : 3.0,
    "maxResTime" : 6.0,
    "pct1ResTime" : 5.0,
    "pct2ResTime" : 5.449999999999996,
    "pct3ResTime" : 6.0,
    "throughput" : 50.91649694501019,
    "receivedKBytesPerSec" : 9.397673752545826,
    "sentKBytesPerSec" : 10.143520875763748
  }
}