timeStamp,elapsed,label,responseCode,responseMessage,threadName,dataType,success,failureMessage,bytes,sentBytes,grpThreads,allThreads,URL,Latency,IdleTime,Connect
1723808826304,43,HTTP Request 5,200,OK,Thread Group 5 1-1,text,true,,189,204,1,1,http://localhost:5000/,36,0,26
1723808826403,4,HTTP Request 5,200,OK,Thread Group 5 1-2,text,true,,189,204,1,1,http://localhost:5000/,4,0,0
1723808826604,6,HTTP Request 5,200,OK,Thread Group 5 1-3,text,true,,189,204,1,1,http://localhost:5000/,6,0,1
1723808826802,5,HTTP Request 5,200,OK,Thread Group 5 1-4,text,true,,189,204,1,1,http://localhost:5000/,4,0,1
1723808827002,4,HTTP Request 5,200,OK,Thread Group 5 1-5,text,true,,189,204,1,1,http://localhost:5000/,4,0,1
1723808831208,5,HTTP Request 10,200,OK,Thread Group 10 2-1,text,true,,189,204,1,1,http://localhost:5000/,5,0,1
1723808831306,6,HTTP Request 10,200,OK,Thread Group 10 2-2,text,true,,189,204,1,1,http://localhost:5000/,6,0,1
1723808831406,6,HTTP Request 10,200,OK,Thread Group 10 2-3,text,true,,189,204,1,1,http://localhost:5000/,6,0,1
1723808831507,6,HTTP Request 10,200,OK,Thread Group 10 2-4,text,true,,189,204,1,1,http://localhost:5000/,6,0,1
1723808831606,6,HTTP Request 10,200,OK,Thread Group 10 2-5,text,true,,189,204,1,1,http://localhost:5000/,5,0,1
1723808831706,6,HTTP Request 10,200,OK,Thread Group 10 2-6,text,true,,189,204,1,1,http://localhost:5000/,6,0,1
1723808831806,7,HTTP Request 10,200,OK,Thread Group 10 2-7,text,true,,189,204,1,1,http://localhost:5000/,6,0,1
1723808831906,6,HTTP Request 10,200,OK,Thread Group 10 2-8,text,true,,189,204,1,1,http://localhost:5000/,6,0,1
1723808832006,5,HTTP Request 10,200,OK,Thread Group 10 2-9,text,true,,189,204,1,1,http://localhost:5000/,5,0,1
1723808832106,6,HTTP Request 10,200,OK,Thread Group 10 2-10,text,true,,189,204,1,1,http://localhost:5000/,6,0,1
1723808836211,4,HTTP Request 50,200,OK,Thread Group 50 3-1,text,true,,189,204,1,1,http://localhost:5000/,4,0,1
1723808836229,3,HTTP Request 50,200,OK,Thread Group 50 3-2,text,true,,189,204,1,1,http://localhost:5000/,3,0,1
1723808836248,5,HTTP Request 50,200,OK,Thread Group 50 3-3,text,true,,189,204,1,1,http://localhost:5000/,5,0,1
1723808836269,5,HTTP Request 50,200,OK,Thread Group 50 3-4,text,true,,189,204,1,1,http://localhost:5000/,5,0,0
1723808836290,3,HTTP Request 50,200,OK,Thread Group 50 3-5,text,true,,189,204,1,1,http://localhost:5000/,3,0,1
1723808836309,4,HTTP Request 50,200,OK,Thread Group 50 3-6,text,true,,189,204,1,1,http://localhost:5000/,4,0,1
1723808836330,3,HTTP Request 50,200,OK,Thread Group 50 3-7,text,true,,189,204,1,1,http://localhost:5000/,3,0,1
1723808836349,4,HTTP Request 50,200,OK,Thread Group 50 3-8,text,true,,189,204,1,1,http://localhost:5000/,4,0,1
1723808836370,6,HTTP Request 50,200,OK,Thread Group 50 3-9,text,true,,189,204,1,1,http://localhost:5000/,5,0,3
1723808836390,4,HTTP Request 50,200,OK,Thread Group 50 3-10,text,true,,189,204,1,1,http://localhost:5000/,4,0,1
1723808836410,3,HTTP Request 50,200,OK,Thread Group 50 3-11,text,true,,189,204,1,1,http://localhost:5000/,3,0,0
1723808836430,3,HTTP Request 50,200,OK,Thread Group 50 3-12,text,true,,189,204,1,1,http://localhost:5000/,3,0,1
1723808836449,4,HTTP Request 50,200,OK,Thread Group 50 3-13,text,true,,189,204,1,1,http://localhost:5000/,3,0,1
1723808836470,6,HTTP Request 50,200,OK,Thread Group 50 3-14,text,true,,189,204,1,1,http://localhost:5000/,6,0,3
1723808836490,3,HTTP Request 50,200,OK,Thread Group 50 3-15,text,true,,189,204,1,1,http://localhost:5000/,3,0,1
1723808836510,3,HTTP Request 50,200,OK,Thread Group 50 3-16,text,true,,189,204,1,1,http://localhost:5000/,3,0,0
1723808836530,3,HTTP Request 50,200,OK,Thread Group 50 3-17,text,true,,189,204,1,1,http://localhost:5000/,3,0,0
1723808836550,4,HTTP Request 50,200,OK,Thread Group 50 3-18,text,true,,189,204,1,1,http://localhost:5000/,4,0,1
1723808836570,5,HTTP Request 50,200,OK,Thread Group 50 3-19,text,true,,189,204,1,1,http://localhost:5000/,5,0,0
1723808836590,3,HTTP Request 50,200,OK,Thread Group 50 3-20,text,true,,189,204,1,1,http://localhost:5000/,3,0,1
1723808836609,3,HTTP Request 50,200,OK,Thread Group 50 3-21,text,true,,189,204,1,1,http://localhost:5000/,3,0,1
1723808836629,3,HTTP Request 50,200,OK,Thread Group 50 3-22,text,true,,189,204,1,1,http://localhost:5000/,3,0,1
1723808836650,4,HTTP Request 50,200,OK,Thread Group 50 3-23,text,true,,189,204,1,1,http://localhost:5000/,3,0,0
1723808836670,5,HTTP Request 50,200,OK,Thread Group 50 3-24,text,true,,189,204,1,1,http://localhost:5000/,5,0,1
1723808836690,3,HTTP Request 50,200,OK,Thread Group 50 3-25,text,true,,189,204,1,1,http://localhost:5000/,3,0,0
1723808836709,5,HTTP Request 50,200,OK,Thread Group 50 3-26,text,true,,189,204,1,1,http://localhost:5000/,5,0,1
1723808836730,3,HTTP Request 50,200,OK,Thread Group 50 3-27,text,true,,189,204,1,1,http://localhost:5000/,3,0,0
1723808836749,4,HTTP Request 50,200,OK,Thread Group 50 3-28,text,true,,189,204,1,1,http://localhost:5000/,4,0,1
1723808836770,5,HTTP Request 50,200,OK,Thread Group 50 3-29,text,true,,189,204,1,1,http://localhost:5000/,5,0,0
1723808836790,4,HTTP Request 50,200,OK,Thread Group 50 3-30,text,true,,189,204,1,1,http://localhost:5000/,4,0,1
1723808836810,3,HTTP Request 50,200,OK,Thread Group 50 3-31,text,true,,189,204,1,1,http://localhost:5000/,3,0,1
1723808836830,3,HTTP Request 50,200,OK,Thread Group 50 3-32,text,true,,189,204,1,1,http://localhost:5000/,3,0,1
1723808836850,3,HTTP Request 50,200,OK,Thread Group 50 3-33,text,true,,189,204,1,1,http://localhost:5000/,3,0,0
1723808836871,5,HTTP Request 50,200,OK,Thread Group 50 3-34,text,true,,189,204,1,1,http://localhost:5000/,5,0,2
1723808836890,4,HTTP Request 50,200,OK,Thread Group 50 3-35,text,true,,189,204,1,1,http://localhost:5000/,4,0,1
1723808836909,4,HTTP Request 50,200,OK,Thread Group 50 3-36,text,true,,189,204,1,1,http://localhost:5000/,4,0,1
1723808836930,5,HTTP Request 50,200,OK,Thread Group 50 3-37,text,true,,189,204,1,1,http://localhost:5000/,5,0,0
1723808836949,3,HTTP Request 50,200,OK,Thread Group 50 3-38,text,true,,189,204,1,1,http://localhost:5000/,3,0,1
1723808836970,5,HTTP Request 50,200,OK,Thread Group 50 3-39,text,true,,189,204,1,1,http://localhost:5000/,5,0,1
1723808836990,3,HTTP Request 50,200,OK,Thread Group 50 3-40,text,true,,189,204,1,1,http://localhost:5000/,3,0,1
1723808837009,3,HTTP Request 50,200,OK,Thread Group 50 3-41,text,true,,189,204,1,1,http://localhost:5000/,3,0,1
1723808837030,4,HTTP Request 50,200,OK,Thread Group 50 3-42,text,true,,189,204,1,1,http://localhost:5000/,3,0,1
1723808837049,4,HTTP Request 50,200,OK,Thread Group 50 3-43,text,true,,189,204,1,1,http://localhost:5000/,4,0,1
1723808837071,5,HTTP Request 50,200,OK,Thread Group 50 3-44,text,true,,189,204,1,1,http://localhost:5000/,5,0,1
1723808837090,3,HTTP Request 50,200,OK,Thread Group 50 3-45,text,true,,189,204,1,1,http://localhost:5000/,3,0,0
1723808837110,4,HTTP Request 50,200,OK,Thread Group 50 3-46,text,true,,189,204,1,1,http://localhost:5000/,3,0,1
1723808837129,4,HTTP Request 50,200,OK,Thread Group 50 3-47,text,true,,189,204,1,1,http://localhost:5000/,4,0,1
1723808837150,4,HTTP Request 50,200,OK,Thread Group 50 3-48,text,true,,189,204,1,1,http://localhost:5000/,3,0,0
1723808837170,5,HTTP Request 50,200,OK,Thread Group 50 3-49,text,true,,189,204,1,1,http://localhost:5000/,5,0,0
1723808837190,3,HTTP Request 50,200,OK,Thread Group 50 3-50,text,true,,189,204,1,1,http://localhost:5000/,3,0,1
1723808841221,6,HTTP Request 100,200,OK,Thread Group 100 4-1,text,true,,189,204,1,1,http://localhost:5000/,6,0,2
1723808841232,2,HTTP Request 100,200,OK,Thread Group 100 4-2,text,true,,189,204,1,1,http://localhost:5000/,2,0,0
1723808841240,3,HTTP Request 100,200,OK,Thread Group 100 4-3,text,true,,189,204,1,1,http://localhost:5000/,3,0,1
1723808841251,3,HTTP Request 100,200,OK,Thread Group 100 4-4,text,true,,189,204,1,1,http://localhost:5000/,3,0,0
1723808841260,3,HTTP Request 100,200,OK,Thread Group 100 4-5,text,true,,189,204,1,1,http://localhost:5000/,3,0,1
1723808841271,4,HTTP Request 100,200,OK,Thread Group 100 4-6,text,true,,189,204,1,1,http://localhost:5000/,4,0,2
1723808841279,3,HTTP Request 100,200,OK,Thread Group 100 4-7,text,true,,189,204,1,1,http://localhost:5000/,3,0,1
1723808841289,3,HTTP Request 100,200,OK,Thread Group 100 4-8,text,true,,189,204,1,1,http://localhost:5000/,3,0,1
1723808841299,3,HTTP Request 100,200,OK,Thread Group 100 4-9,text,true,,189,204,1,1,http://localhost:5000/,3,0,0
1723808841309,3,HTTP Request 100,200,OK,Thread Group 100 4-10,text,true,,189,204,1,1,http://localhost:5000/,3,0,1
1723808841319,5,HTTP Request 100,200,OK,Thread Group 100 4-11,text,true,,189,204,1,1,http://localhost:5000/,5,0,1
1723808841329,3,HTTP Request 100,200,OK,Thread Group 100 4-12,text,true,,189,204,1,1,http://localhost:5000/,3,0,1
1723808841340,2,HTTP Request 100,200,OK,Thread Group 100 4-13,text,true,,189,204,1,1,http://localhost:5000/,2,0,0
1723808841349,3,HTTP Request 100,200,OK,Thread Group 100 4-14,text,true,,189,204,1,1,http://localhost:5000/,3,0,1
1723808841359,3,HTTP Request 100,200,OK,Thread Group 100 4-15,text,true,,189,204,1,1,http://localhost:5000/,3,0,1
1723808841369,5,HTTP Request 100,200,OK,Thread Group 100 4-16,text,true,,189,204,1,1,http://localhost:5000/,5,0,2
1723808841379,3,HTTP Request 100,200,OK,Thread Group 100 4-17,text,true,,189,204,1,1,http://localhost:5000/,3,0,1
1723808841389,3,HTTP Request 100,200,OK,Thread Group 100 4-18,text,true,,189,204,1,1,http://localhost:5000/,3,0,1
1723808841399,4,HTTP Request 100,200,OK,Thread Group 100 4-19,text,true,,189,204,1,1,http://localhost:5000/,4,0,1
1723808841409,3,HTTP Request 100,200,OK,Thread Group 100 4-20,text,true,,189,204,1,1,http://localhost:5000/,3,0,1
1723808841419,5,HTTP Request 100,200,OK,Thread Group 100 4-21,text,true,,189,204,1,1,http://localhost:5000/,5,0,1
1723808841429,3,HTTP Request 100,200,OK,Thread Group 100 4-22,text,true,,189,204,1,1,http://localhost:5000/,3,0,1
1723808841439,3,HTTP Request 100,200,OK,Thread Group 100 4-23,text,true,,189,204,1,1,http://localhost:5000/,3,0,1
1723808841449,3,HTTP Request 100,200,OK,Thread Group 100 4-24,text,true,,189,204,1,1,http://localhost:5000/,3,0,1
1723808841459,3,HTTP Request 100,200,OK,Thread Group 100 4-25,text,true,,189,204,1,1,http://localhost:5000/,3,0,1
1723808841470,4,HTTP Request 100,200,OK,Thread Group 100 4-26,text,true,,189,204,1,1,http://localhost:5000/,4,0,2
1723808841479,3,HTTP Request 100,200,OK,Thread Group 100 4-27,text,true,,189,204,1,1,http://localhost:5000/,3,0,1
1723808841490,3,HTTP Request 100,200,OK,Thread Group 100 4-28,text,true,,189,204,1,1,http://localhost:5000/,3,0,0
1723808841500,5,HTTP Request 100,200,OK,Thread Group 100 4-29,text,true,,189,204,1,1,http://localhost:5000/,4,0,0
1723808841510,2,HTTP Request 100,200,OK,Thread Group 100 4-30,text,true,,189,204,1,1,http://localhost:5000/,2,0,0
1723808841520,4,HTTP Request 100,200,OK,Thread Group 100 4-31,text,true,,189,204,1,1,http://localhost:5000/,4,0,2
1723808841530,2,HTTP Request 100,200,OK,Thread Group 100 4-32,text,true,,189,204,1,1,http://localhost:5000/,2,0,0
1723808841540,3,HTTP Request 100,200,OK,Thread Group 100 4-33,text,true,,189,204,1,1,http://localhost:5000/,3,0,1
1723808841550,4,HTTP Request 100,200,OK,Thread Group 100 4-34,text,true,,189,204,1,1,http://localhost:5000/,4,0,1
1723808841560,2,HTTP Request 100,200,OK,Thread Group 100 4-35,text,true,,189,204,1,1,http://localhost:5000/,2,0,0
1723808841571,4,HTTP Request 100,200,OK,Thread Group 100 4-36,text,true,,189,204,1,1,http://localhost:5000/,3,0,1
1723808841579,3,HTTP Request 100,200,OK,Thread Group 100 4-37,text,true,,189,204,1,1,http://localhost:5000/,3,0,1
1723808841590,3,HTTP Request 100,200,OK,Thread Group 100 4-38,text,true,,189,204,1,1,http://localhost:5000/,3,0,1
1723808841600,3,HTTP Request 100,200,OK,Thread Group 100 4-39,text,true,,189,204,1,1,http://localhost:5000/,3,0,0
1723808841609,3,HTTP Request 100,200,OK,Thread Group 100 4-40,text,true,,189,204,1,1,http://localhost:5000/,3,0,1
1723808841621,4,HTTP Request 100,200,OK,Thread Group 100 4-41,text,true,,189,204,1,1,http://localhost:5000/,3,0,1
1723808841630,2,HTTP Request 100,200,OK,Thread Group 100 4-42,text,true,,189,204,1,1,http://localhost:5000/,2,0,0
1723808841640,3,HTTP Request 100,200,OK,Thread Group 100 4-43,text,true,,189,204,1,1,http://localhost:5000/,3,0,0
1723808841650,3,HTTP Request 100,200,OK,Thread Group 100 4-44,text,true,,189,204,1,1,http://localhost:5000/,3,0,0
1723808841660,3,HTTP Request 100,200,OK,Thread Group 100 4-45,text,true,,189,204,1,1,http://localhost:5000/,3,0,0
1723808841671,4,HTTP Request 100,200,OK,Thread Group 100 4-46,text,true,,189,204,1,1,http://localhost:5000/,4,0,1
1723808841680,3,HTTP Request 100,200,OK,Thread Group 100 4-47,text,true,,189,204,1,1,http://localhost:5000/,3,0,0
1723808841690,3,HTTP Request 100,200,OK,Thread Group 100 4-48,text,true,,189,204,1,1,http://localhost:5000/,3,0,0
1723808841700,3,HTTP Request 100,200,OK,Thread Group 100 4-49,text,true,,189,204,1,1,http://localhost:5000/,3,0,0
1723808841710,3,HTTP Request 100,200,OK,Thread Group 100 4-50,text,true,,189,204,1,1,http://localhost:5000/,2,0,0
1723808841721,4,HTTP Request 100,200,OK,Thread Group 100 4-51,text,true,,189,204,1,1,http://localhost:5000/,3,0,1
1723808841730,2,HTTP Request 100,200,OK,Thread Group 100 4-52,text,true,,189,204,1,1,http://localhost:5000/,2,0,0
1723808841740,3,HTTP Request 100,200,OK,Thread Group 100 4-53,text,true,,189,204,1,1,http://localhost:5000/,3,0,1
1723808841750,6,HTTP Request 100,200,OK,Thread Group 100 4-54,text,true,,189,204,1,1,http://localhost:5000/,6,0,1
1723808841760,3,HTTP Request 100,200,OK,Thread Group 100 4-55,text,true,,189,204,1,1,http://localhost:5000/,3,0,1
1723808841772,3,HTTP Request 100,200,OK,Thread Group 100 4-56,text,true,,189,204,1,1,http://localhost:5000/,3,0,0
1723808841780,3,HTTP Request 100,200,OK,Thread Group 100 4-57,text,true,,189,204,1,1,http://localhost:5000/,3,0,1
1723808841790,3,HTTP Request 100,200,OK,Thread Group 100 4-58,text,true,,189,204,1,1,http://localhost:5000/,3,0,1
1723808841800,3,HTTP Request 100,200,OK,Thread Group 100 4-59,text,true,,189,204,1,1,http://localhost:5000/,3,0,1
1723808841810,3,HTTP Request 100,200,OK,Thread Group 100 4-60,text,true,,189,204,1,1,http://localhost:5000/,2,0,1
1723808841822,3,HTTP Request 100,200,OK,Thread Group 100 4-61,text,true,,189,204,1,1,http://localhost:5000/,3,0,0
1723808841830,3,HTTP Request 100,200,OK,Thread Group 100 4-62,text,true,,189,204,1,1,http://localhost:5000/,3,0,1
1723808841840,3,HTTP Request 100,200,OK,Thread Group 100 4-63,text,true,,189,204,1,1,http://localhost:5000/,3,0,1
1723808841850,4,HTTP Request 100,200,OK,Thread Group 100 4-64,text,true,,189,204,1,1,http://localhost:5000/,3,0,1
1723808841860,2,HTTP Request 100,200,OK,Thread Group 100 4-65,text,true,,189,204,1,1,http://localhost:5000/,2,0,0
1723808841872,3,HTTP Request 100,200,OK,Thread Group 100 4-66,text,true,,189,204,1,1,http://localhost:5000/,3,0,0
1723808841880,3,HTTP Request 100,200,OK,Thread Group 100 4-67,text,true,,189,204,1,1,http://localhost:5000/,2,0,0
1723808841890,3,HTTP Request 100,200,OK,Thread Group 100 4-68,text,true,,189,204,1,1,http://localhost:5000/,3,0,0
1723808841900,4,HTTP Request 100,200,OK,Thread Group 100 4-69,text,true,,189,204,1,1,http://localhost:5000/,4,0,0
1723808841910,3,HTTP Request 100,200,OK,Thread Group 100 4-70,text,true,,189,204,1,1,http://localhost:5000/,2,0,0
1723808841921,3,HTTP Request 100,200,OK,Thread Group 100 4-71,text,true,,189,204,1,1,http://localhost:5000/,3,0,1
1723808841930,3,HTTP Request 100,200,OK,Thread Group 100 4-72,text,true,,189,204,1,1,http://localhost:5000/,3,0,0
1723808841940,3,HTTP Request 100,200,OK,Thread Group 100 4-73,text,true,,189,204,1,1,http://localhost:5000/,3,0,0
1723808841950,3,HTTP Request 100,200,OK,Thread Group 100 4-74,text,true,,189,204,1,1,http://localhost:5000/,3,0,0
1723808841960,3,HTTP Request 100,200,OK,Thread Group 100 4-75,text,true,,189,204,1,1,http://localhost:5000/,3,0,0
1723808841971,3,HTTP Request 100,200,OK,Thread Group 100 4-76,text,true,,189,204,1,1,http://localhost:5000/,3,0,1
1723808841980,2,HTTP Request 100,200,OK,Thread Group 100 4-77,text,true,,189,204,1,1,http://localhost:5000/,2,0,0
1723808841990,2,HTTP Request 100,200,OK,Thread Group 100 4-78,text,true,,189,204,1,1,http://localhost:5000/,2,0,0
1723808842000,3,HTTP Request 100,200,OK,Thread Group 100 4-79,text,true,,189,204,1,1,http://localhost:5000/,3,0,0
1723808842010,2,HTTP Request 100,200,OK,Thread Group 100 4-80,text,true,,189,204,1,1,http://localhost:5000/,2,0,0
1723808842020,4,HTTP Request 100,200,OK,Thread Group 100 4-81,text,true,,189,204,1,1,http://localhost:5000/,4,0,2
1723808842030,2,HTTP Request 100,200,OK,Thread Group 100 4-82,text,true,,189,204,1,1,http://localhost:5000/,2,0,0
1723808842040,3,HTTP Request 100,200,OK,Thread Group 100 4-83,text,true,,189,204,1,1,http://localhost:5000/,3,0,0
1723808842050,3,HTTP Request 100,200,OK,Thread Group 100 4-84,text,true,,189,204,1,1,http://localhost:5000/,3,0,0
1723808842060,2,HTTP Request 100,200,OK,Thread Group 100 4-85,text,true,,189,204,1,1,http://localhost:5000/,2,0,0
1723808842071,4,HTTP Request 100,200,OK,Thread Group 100 4-86,text,true,,189,204,1,1,http://localhost:5000/,3,0,1
1723808842080,3,HTTP Request 100,200,OK,Thread Group 100 4-87,text,true,,189,204,1,1,http://localhost:5000/,3,0,0
1723808842090,3,HTTP Request 100,200,OK,Thread Group 100 4-88,text,true,,189,204,1,1,http://localhost:5000/,3,0,1
1723808842100,3,HTTP Request 100,200,OK,Thread Group 100 4-89,text,true,,189,204,1,1,http://localhost:5000/,3,0,0
1723808842110,3,HTTP Request 100,200,OK,Thread Group 100 4-90,text,true,,189,204,1,1,http://localhost:5000/,3,0,1
1723808842121,4,HTTP Request 100,200,OK,Thread Group 100 4-91,text,true,,189,204,1,1,http://localhost:5000/,4,0,1
1723808842130,3,HTTP Request 100,200,OK,Thread Group 100 4-92,text,true,,189,204,1,1,http://localhost:5000/,2,0,1
1723808842140,3,HTTP Request 100,200,OK,Thread Group 100 4-93,text,true,,189,204,1,1,http://localhost:5000/,3,0,1
1723808842150,3,HTTP Request 100,200,OK,Thread Group 100 4-94,text,true,,189,204,1,1,http://localhost:5000/,3,0,0
1723808842160,3,HTTP Request 100,200,OK,Thread Group 100 4-95,text,true,,189,204,1,1,http://localhost:5000/,3,0,1
1723808842172,3,HTTP Request 100,200,OK,Thread Group 100 4-96,text,true,,189,204,1,1,http://localhost:5000/,3,0,1
1723808842180,2,HTTP Request 100,200,OK,Thread Group 100 4-97,text,true,,189,204,1,1,http://localhost:5000/,2,0,0
1723808842190,4,HTTP Request 100,200,OK,Thread Group 100 4-98,text,true,,189,204,1,1,http://localhost:5000/,4,0,1
1723808842200,4,HTTP Request 100,200,OK,Thread Group 100 4-99,text,true,,189,204,1,1,http://localhost:5000/,4,0,0
1723808842210,3,HTTP Request 100,200,OK,Thread Group 100 4-100,text,true,,189,204,1,1,http://localhost:5000/,3,0,0
1723808846236,6,HTTP Request 250,200,OK,Thread Group 250 5-1,text,true,,189,204,2,2,http://localhost:5000/,6,0,1
1723808846240,4,HTTP Request 250,200,OK,Thread Group 250 5-2,text,true,,189,204,2,2,http://localhost:5000/,4,0,1
1723808846245,5,HTTP Request 250,200,OK,Thread Group 250 5-3,text,true,,189,204,2,2,http://localhost:5000/,5,0,2
1723808846247,4,HTTP Request 250,200,OK,Thread Group 250 5-4,text,true,,189,204,2,2,http://localhost:5000/,3,0,1
1723808846252,5,HTTP Request 250,200,OK,Thread Group 250 5-5,text,true,,189,204,2,2,http://localhost:5000/,4,0,0
1723808846256,3,HTTP Request 250,200,OK,Thread Group 250 5-6,text,true,,189,204,2,2,http://localhost:5000/,3,0,1
1723808846259,2,HTTP Request 250,200,OK,Thread Group 250 5-7,text,true,,189,204,1,1,http://localhost:5000/,2,0,1
1723808846263,2,HTTP Request 250,200,OK,Thread Group 250 5-8,text,true,,189,204,1,1,http://localhost:5000/,2,0,0
1723808846267,3,HTTP Request 250,200,OK,Thread Group 250 5-9,text,true,,189,204,1,1,http://localhost:5000/,3,0,0
1723808846273,3,HTTP Request 250,200,OK,Thread Group 250 5-10,text,true,,189,204,2,2,http://localhost:5000/,3,0,1
1723808846276,3,HTTP Request 250,200,OK,Thread Group 250 5-11,text,true,,189,204,1,1,http://localhost:5000/,3,0,1
1723808846280,2,HTTP Request 250,200,OK,Thread Group 250 5-12,text,true,,189,204,1,1,http://localhost:5000/,2,0,0
1723808846284,3,HTTP Request 250,200,OK,Thread Group 250 5-13,text,true,,189,204,1,1,http://localhost:5000/,3,0,0
1723808846288,4,HTTP Request 250,200,OK,Thread Group 250 5-14,text,true,,189,204,2,2,http://localhost:5000/,4,0,2
1723808846292,3,HTTP Request 250,200,OK,Thread Group 250 5-15,text,true,,189,204,1,1,http://localhost:5000/,3,0,1
1723808846296,2,HTTP Request 250,200,OK,Thread Group 250 5-16,text,true,,189,204,1,1,http://localhost:5000/,2,0,0
1723808846300,3,HTTP Request 250,200,OK,Thread Group 250 5-17,text,true,,189,204,1,1,http://localhost:5000/,3,0,0
1723808846304,4,HTTP Request 250,200,OK,Thread Group 250 5-18,text,true,,189,204,2,2,http://localhost:5000/,4,0,1
1723808846308,3,HTTP Request 250,200,OK,Thread Group 250 5-19,text,true,,189,204,1,1,http://localhost:5000/,3,0,1
1723808846312,2,HTTP Request 250,200,OK,Thread Group 250 5-20,text,true,,189,204,1,1,http://localhost:5000/,2,0,0
1723808846316,2,HTTP Request 250,200,OK,Thread Group 250 5-21,text,true,,189,204,1,1,http://localhost:5000/,2,0,0
1723808846320,5,HTTP Request 250,200,OK,Thread Group 250 5-22,text,true,,189,204,2,2,http://localhost:5000/,4,0,1
1723808846324,3,HTTP Request 250,200,OK,Thread Group 250 5-23,text,true,,189,204,1,1,http://localhost:5000/,3,0,1
1723808846328,3,HTTP Request 250,200,OK,Thread Group 250 5-24,text,true,,189,204,1,1,http://localhost:5000/,2,0,1
1723808846332,2,HTTP Request 250,200,OK,Thread Group 250 5-25,text,true,,189,204,1,1,http://localhost:5000/,2,0,0
1723808846336,5,HTTP Request 250,200,OK,Thread Group 250 5-26,text,true,,189,204,2,2,http://localhost:5000/,5,0,1
1723808846341,2,HTTP Request 250,200,OK,Thread Group 250 5-27,text,true,,189,204,1,1,http://localhost:5000/,2,0,0
1723808846344,2,HTTP Request 250,200,OK,Thread Group 250 5-28,text,true,,189,204,1,1,http://localhost:5000/,2,0,1
1723808846348,3,HTTP Request 250,200,OK,Thread Group 250 5-29,text,true,,189,204,1,1,http://localhost:5000/,3,0,1
1723808846352,5,HTTP Request 250,200,OK,Thread Group 250 5-30,text,true,,189,204,2,2,http://localhost:5000/,4,0,1
1723808846357,3,HTTP Request 250,200,OK,Thread Group 250 5-31,text,true,,189,204,1,1,http://localhost:5000/,2,0,1
1723808846361,2,HTTP Request 250,200,OK,Thread Group 250 5-32,text,true,,189,204,1,1,http://localhost:5000/,2,0,0
1723808846364,3,HTTP Request 250,200,OK,Thread Group 250 5-33,text,true,,189,204,1,1,http://localhost:5000/,3,0,1
1723808846368,4,HTTP Request 250,200,OK,Thread Group 250 5-34,text,true,,189,204,1,1,http://localhost:5000/,4,0,1
1723808846374,2,HTTP Request 250,200,OK,Thread Group 250 5-35,text,true,,189,204,2,2,http://localhost:5000/,2,0,0
1723808846377,2,HTTP Request 250,200,OK,Thread Group 250 5-36,text,true,,189,204,1,1,http://localhost:5000/,2,0,0
1723808846380,3,HTTP Request 250,200,OK,Thread Group 250 5-37,text,true,,189,204,1,1,http://localhost:5000/,2,0,1
1723808846384,3,HTTP Request 250,200,OK,Thread Group 250 5-38,text,true,,189,204,1,1,http://localhost:5000/,3,0,1
1723808846390,2,HTTP Request 250,200,OK,Thread Group 250 5-39,text,true,,189,204,2,2,http://localhost:5000/,2,0,0
1723808846392,3,HTTP Request 250,200,OK,Thread Group 250 5-40,text,true,,189,204,1,1,http://localhost:5000/,3,0,1
1723808846396,2,HTTP Request 250,200,OK,Thread Group 250 5-41,text,true,,189,204,1,1,http://localhost:5000/,2,0,0
1723808846400,3,HTTP Request 250,200,OK,Thread Group 250 5-42,text,true,,189,204,1,1,http://localhost:5000/,3,0,1
1723808846404,4,HTTP Request 250,200,OK,Thread Group 250 5-43,text,true,,189,204,2,2,http://localhost:5000/,4,0,1
1723808846408,2,HTTP Request 250,200,OK,Thread Group 250 5-44,text,true,,189,204,1,1,http://localhost:5000/,2,0,0
1723808846412,2,HTTP Request 250,200,OK,Thread Group 250 5-45,text,true,,189,204,1,1,http://localhost:5000/,2,0,0
1723808846416,2,HTTP Request 250,200,OK,Thread Group 250 5-46,text,true,,189,204,1,1,http://localhost:5000/,2,0,0
1723808846420,4,HTTP Request 250,200,OK,Thread Group 250 5-47,text,true,,189,204,2,2,http://localhost:5000/,4,0,1
1723808846424,3,HTTP Request 250,200,OK,Thread Group 250 5-48,text,true,,189,204,1,1,http://localhost:5000/,3,0,1
1723808846428,2,HTTP Request 250,200,OK,Thread Group 250 5-49,text,true,,189,204,1,1,http://localhost:5000/,2,0,0
1723808846432,3,HTTP Request 250,200,OK,Thread Group 250 5-50,text,true,,189,204,1,1,http://localhost:5000/,3,0,0
1723808846436,4,HTTP Request 250,200,OK,Thread Group 250 5-51,text,true,,189,204,2,2,http://localhost:5000/,4,0,0
1723808846440,3,HTTP Request 250,200,OK,Thread Group 250 5-52,text,true,,189,204,1,1,http://localhost:5000/,2,0,1
1723808846443,3,HTTP Request 250,200,OK,Thread Group 250 5-53,text,true,,189,204,1,1,http://localhost:5000/,3,0,1
1723808846448,2,HTTP Request 250,200,OK,Thread Group 250 5-54,text,true,,189,204,1,1,http://localhost:5000/,2,0,0
1723808846452,4,HTTP Request 250,200,OK,Thread Group 250 5-55,text,true,,189,204,1,1,http://localhost:5000/,4,0,0
1723808846457,2,HTTP Request 250,200,OK,Thread Group 250 5-56,text,true,,189,204,1,1,http://localhost:5000/,2,0,0
1723808846460,2,HTTP Request 250,200,OK,Thread Group 250 5-57,text,true,,189,204,1,1,http://localhost:5000/,2,0,0
1723808846463,3,HTTP Request 250,200,OK,Thread Group 250 5-58,text,true,,189,204,1,1,http://localhost:5000/,3,0,1
1723808846468,3,HTTP Request 250,200,OK,Thread Group 250 5-59,text,true,,189,204,1,1,http://localhost:5000/,2,0,0
1723808846472,4,HTTP Request 250,200,OK,Thread Group 250 5-60,text,true,,189,204,2,2,http://localhost:5000/,4,0,2
1723808846476,2,HTTP Request 250,200,OK,Thread Group 250 5-61,text,true,,189,204,1,1,http://localhost:5000/,2,0,0
1723808846479,3,HTTP Request 250,200,OK,Thread Group 250 5-62,text,true,,189,204,1,1,http://localhost:5000/,3,0,1
1723808846484,2,HTTP Request 250,200,OK,Thread Group 250 5-63,text,true,,189,204,1,1,http://localhost:5000/,2,0,0
1723808846489,3,HTTP Request 250,200,OK,Thread Group 250 5-64,text,true,,189,204,2,2,http://localhost:5000/,3,0,1
1723808846492,2,HTTP Request 250,200,OK,Thread Group 250 5-65,text,true,,189,204,1,1,http://localhost:5000/,2,0,0
1723808846496,2,HTTP Request 250,200,OK,Thread Group 250 5-66,text,true,,189,204,1,1,http://localhost:5000/,2,0,0
1723808846500,2,HTTP Request 250,200,OK,Thread Group 250 5-67,text,true,,189,204,1,1,http://localhost:5000/,2,0,0
1723808846504,4,HTTP Request 250,200,OK,Thread Group 250 5-68,text,true,,189,204,2,2,http://localhost:5000/,4,0,1
1723808846508,2,HTTP Request 250,200,OK,Thread Group 250 5-69,text,true,,189,204,1,1,http://localhost:5000/,2,0,0
1723808846512,2,HTTP Request 250,200,OK,Thread Group 250 5-70,text,true,,189,204,1,1,http://localhost:5000/,2,0,0
1723808846516,2,HTTP Request 250,200,OK,Thread Group 250 5-71,text,true,,189,204,1,1,http://localhost:5000/,2,0,0
1723808846520,4,HTTP Request 250,200,OK,Thread Group 250 5-72,text,true,,189,204,2,2,http://localhost:5000/,4,0,1
1723808846524,2,HTTP Request 250,200,OK,Thread Group 250 5-73,text,true,,189,204,1,1,http://localhost:5000/,2,0,0
1723808846528,2,HTTP Request 250,200,OK,Thread Group 250 5-74,text,true,,189,204,1,1,http://localhost:5000/,2,0,0
1723808846532,3,HTTP Request 250,200,OK,Thread Group 250 5-75,text,true,,189,204,1,1,http://localhost:5000/,2,0,0
1723808846536,4,HTTP Request 250,200,OK,Thread Group 250 5-76,text,true,,189,204,2,2,http://localhost:5000/,4,0,0
1723808846540,3,HTTP Request 250,200,OK,Thread Group 250 5-77,text,true,,189,204,1,1,http://localhost:5000/,3,0,1
1723808846544,2,HTTP Request 250,200,OK,Thread Group 250 5-78,text,true,,189,204,1,1,http://localhost:5000/,2,0,0
1723808846548,3,HTTP Request 250,200,OK,Thread Group 250 5-79,text,true,,189,204,1,1,http://localhost:5000/,2,0,0
1723808846552,4,HTTP Request 250,200,OK,Thread Group 250 5-80,text,true,,189,204,2,2,http://localhost:5000/,4,0,0
1723808846557,2,HTTP Request 250,200,OK,Thread Group 250 5-81,text,true,,189,204,2,2,http://localhost:5000/,2,0,0
1723808846560,2,HTTP Request 250,200,OK,Thread Group 250 5-82,text,true,,189,204,1,1,http://localhost:5000/,2,0,0
1723808846563,3,HTTP Request 250,200,OK,Thread Group 250 5-83,text,true,,189,204,1,1,http://localhost:5000/,3,0,1
1723808846568,3,HTTP Request 250,200,OK,Thread Group 250 5-84,text,true,,189,204,1,1,http://localhost:5000/,2,0,0
1723808846572,3,HTTP Request 250,200,OK,Thread Group 250 5-85,text,true,,189,204,2,2,http://localhost:5000/,3,0,1
1723808846576,3,HTTP Request 250,200,OK,Thread Group 250 5-86,text,true,,189,204,1,1,http://localhost:5000/,2,0,0
1723808846579,3,HTTP Request 250,200,OK,Thread Group 250 5-87,text,true,,189,204,1,1,http://localhost:5000/,3,0,1
1723808846583,3,HTTP Request 250,200,OK,Thread Group 250 5-88,text,true,,189,204,1,1,http://localhost:5000/,3,0,1
1723808846588,4,HTTP Request 250,200,OK,Thread Group 250 5-89,text,true,,189,204,2,2,http://localhost:5000/,4,0,2
1723808846592,2,HTTP Request 250,200,OK,Thread Group 250 5-90,text,true,,189,204,1,1,http://localhost:5000/,2,0,0
1723808846596,2,HTTP Request 250,200,OK,Thread Group 250 5-91,text,true,,189,204,1,1,http://localhost:5000/,2,0,0
1723808846600,3,HTTP Request 250,200,OK,Thread Group 250 5-92,text,true,,189,204,2,2,http://localhost:5000/,3,0,0
1723808846604,4,HTTP Request 250,200,OK,Thread Group 250 5-93,text,true,,189,204,2,2,http://localhost:5000/,4,0,1
1723808846608,3,HTTP Request 250,200,OK,Thread Group 250 5-94,text,true,,189,204,1,1,http://localhost:5000/,3,0,1
1723808846612,3,HTTP Request 250,200,OK,Thread Group 250 5-95,text,true,,189,204,2,2,http://localhost:5000/,3,0,1
1723808846616,2,HTTP Request 250,200,OK,Thread Group 250 5-96,text,true,,189,204,1,1,http://localhost:5000/,2,0,0
1723808846620,4,HTTP Request 250,200,OK,Thread Group 250 5-97,text,true,,189,204,2,2,http://localhost:5000/,4,0,0
1723808846624,2,HTTP Request 250,200,OK,Thread Group 250 5-98,text,true,,189,204,1,1,http://localhost:5000/,2,0,0
1723808846628,2,HTTP Request 250,200,OK,Thread Group 250 5-99,text,true,,189,204,1,1,http://localhost:5000/,2,0,0
1723808846631,2,HTTP Request 250,200,OK,Thread Group 250 5-100,text,true,,189,204,1,1,http://localhost:5000/,2,0,1
1723808846636,4,HTTP Request 250,200,OK,Thread Group 250 5-101,text,true,,189,204,2,2,http://localhost:5000/,4,0,0
1723808846640,3,HTTP Request 250,200,OK,Thread Group 250 5-102,text,true,,189,204,1,1,http://localhost:5000/,3,0,1
1723808846643,3,HTTP Request 250,200,OK,Thread Group 250 5-103,text,true,,189,204,1,1,http://localhost:5000/,3,0,1
1723808846647,3,HTTP Request 250,200,OK,Thread Group 250 5-104,text,true,,189,204,1,1,http://localhost:5000/,2,0,1
1723808846651,3,HTTP Request 250,200,OK,Thread Group 250 5-105,text,true,,189,204,1,1,http://localhost:5000/,3,0,1
1723808846657,2,HTTP Request 250,200,OK,Thread Group 250 5-106,text,true,,189,204,2,2,http://localhost:5000/,2,0,0
1723808846660,2,HTTP Request 250,200,OK,Thread Group 250 5-107,text,true,,189,204,1,1,http://localhost:5000/,2,0,0
1723808846664,2,HTTP Request 250,200,OK,Thread Group 250 5-108,text,true,,189,204,1,1,http://localhost:5000/,2,0,0
1723808846667,3,HTTP Request 250,200,OK,Thread Group 250 5-109,text,true,,189,204,1,1,http://localhost:5000/,3,0,1
1723808846672,4,HTTP Request 250,200,OK,Thread Group 250 5-110,text,true,,189,204,2,2,http://localhost:5000/,4,0,2
1723808846675,3,HTTP Request 250,200,OK,Thread Group 250 5-111,text,true,,189,204,1,1,http://localhost:5000/,3,0,1
1723808846679,3,HTTP Request 250,200,OK,Thread Group 250 5-112,text,true,,189,204,1,1,http://localhost:5000/,3,0,1
1723808846683,3,HTTP Request 250,200,OK,Thread Group 250 5-113,text,true,,189,204,1,1,http://localhost:5000/,3,0,1
1723808846688,4,HTTP Request 250,200,OK,Thread Group 250 5-114,text,true,,189,204,2,2,http://localhost:5000/,3,0,1
1723808846691,3,HTTP Request 250,200,OK,Thread Group 250 5-115,text,true,,189,204,1,1,http://localhost:5000/,3,0,1
1723808846695,3,HTTP Request 250,200,OK,Thread Group 250 5-116,text,true,,189,204,1,1,http://localhost:5000/,3,0,1
1723808846700,2,HTTP Request 250,200,OK,Thread Group 250 5-117,text,true,,189,204,1,1,http://localhost:5000/,2,0,0
1723808846704,3,HTTP Request 250,200,OK,Thread Group 250 5-118,text,true,,189,204,2,2,http://localhost:5000/,3,0,0
1723808846708,2,HTTP Request 250,200,OK,Thread Group 250 5-119,text,true,,189,204,1,1,http://localhost:5000/,2,0,0
1723808846711,3,HTTP Request 250,200,OK,Thread Group 250 5-120,text,true,,189,204,1,1,http://localhost:5000/,3,0,1
1723808846716,2,HTTP Request 250,200,OK,Thread Group 250 5-121,text,true,,189,204,1,1,http://localhost:5000/,2,0,0
1723808846720,4,HTTP Request 250,200,OK,Thread Group 250 5-122,text,true,,189,204,2,2,http://localhost:5000/,3,0,0
1723808846724,2,HTTP Request 250,200,OK,Thread Group 250 5-123,text,true,,189,204,1,1,http://localhost:5000/,2,0,0
1723808846727,3,HTTP Request 250,200,OK,Thread Group 250 5-124,text,true,,189,204,1,1,http://localhost:5000/,3,0,1
1723808846732,2,HTTP Request 250,200,OK,Thread Group 250 5-125,text,true,,189,204,1,1,http://localhost:5000/,2,0,0
1723808846735,5,HTTP Request 250,200,OK,Thread Group 250 5-126,text,true,,189,204,1,1,http://localhost:5000/,4,0,1
1723808846740,3,HTTP Request 250,200,OK,Thread Group 250 5-127,text,true,,189,204,1,1,http://localhost:5000/,3,0,1
1723808846744,2,HTTP Request 250,200,OK,Thread Group 250 5-128,text,true,,189,204,1,1,http://localhost:5000/,2,0,0
1723808846748,2,HTTP Request 250,200,OK,Thread Group 250 5-129,text,true,,189,204,1,1,http://localhost:5000/,2,0,0
1723808846752,4,HTTP Request 250,200,OK,Thread Group 250 5-130,text,true,,189,204,1,1,http://localhost:5000/,4,0,1
1723808846757,2,HTTP Request 250,200,OK,Thread Group 250 5-131,text,true,,189,204,1,1,http://localhost:5000/,2,0,0
1723808846760,3,HTTP Request 250,200,OK,Thread Group 250 5-132,text,true,,189,204,1,1,http://localhost:5000/,2,0,0
1723808846764,2,HTTP Request 250,200,OK,Thread Group 250 5-133,text,true,,189,204,1,1,http://localhost:5000/,2,0,0
1723808846767,3,HTTP Request 250,200,OK,Thread Group 250 5-134,text,true,,189,204,1,1,http://localhost:5000/,3,0,1
1723808846773,3,HTTP Request 250,200,OK,Thread Group 250 5-135,text,true,,189,204,2,2,http://localhost:5000/,3,0,1
1723808846775,3,HTTP Request 250,200,OK,Thread Group 250 5-136,text,true,,189,204,1,1,http://localhost:5000/,3,0,1
1723808846780,2,HTTP Request 250,200,OK,Thread Group 250 5-137,text,true,,189,204,1,1,http://localhost:5000/,2,0,0
1723808846783,3,HTTP Request 250,200,OK,Thread Group 250 5-138,text,true,,189,204,1,1,http://localhost:5000/,3,0,1
1723808846787,4,HTTP Request 250,200,OK,Thread Group 250 5-139,text,true,,189,204,2,2,http://localhost:5000/,4,0,1
1723808846792,2,HTTP Request 250,200,OK,Thread Group 250 5-140,text,true,,189,204,1,1,http://localhost:5000/,2,0,0
1723808846795,2,HTTP Request 250,200,OK,Thread Group 250 5-141,text,true,,189,204,1,1,http://localhost:5000/,2,0,1
1723808846799,3,HTTP Request 250,200,OK,Thread Group 250 5-142,text,true,,189,204,1,1,http://localhost:5000/,3,0,1
1723808846803,4,HTTP Request 250,200,OK,Thread Group 250 5-143,text,true,,189,204,2,2,http://localhost:5000/,4,0,1
1723808846807,3,HTTP Request 250,200,OK,Thread Group 250 5-144,text,true,,189,204,1,1,http://localhost:5000/,3,0,1
1723808846811,2,HTTP Request 250,200,OK,Thread Group 250 5-145,text,true,,189,204,1,1,http://localhost:5000/,2,0,1
1723808846815,3,HTTP Request 250,200,OK,Thread Group 250 5-146,text,true,,189,204,1,1,http://localhost:5000/,3,0,1
1723808846820,4,HTTP Request 250,200,OK,Thread Group 250 5-147,text,true,,189,204,2,2,http://localhost:5000/,4,0,0
1723808846823,3,HTTP Request 250,200,OK,Thread Group 250 5-148,text,true,,189,204,1,1,http://localhost:5000/,3,0,1
1723808846827,3,HTTP Request 250,200,OK,Thread Group 250 5-149,text,true,,189,204,1,1,http://localhost:5000/,3,0,1
1723808846831,3,HTTP Request 250,200,OK,Thread Group 250 5-150,text,true,,189,204,1,1,http://localhost:5000/,2,0,1
1723808846836,4,HTTP Request 250,200,OK,Thread Group 250 5-151,text,true,,189,204,1,1,http://localhost:5000/,3,0,0
1723808846841,2,HTTP Request 250,200,OK,Thread Group 250 5-152,text,true,,189,204,2,2,http://localhost:5000/,2,0,0
1723808846844,2,HTTP Request 250,200,OK,Thread Group 250 5-153,text,true,,189,204,1,1,http://localhost:5000/,2,0,0
1723808846847,3,HTTP Request 250,200,OK,Thread Group 250 5-154,text,true,,189,204,1,1,http://localhost:5000/,2,0,1
1723808846851,3,HTTP Request 250,200,OK,Thread Group 250 5-155,text,true,,189,204,1,1,http://localhost:5000/,3,0,1
1723808846857,2,HTTP Request 250,200,OK,Thread Group 250 5-156,text,true,,189,204,2,2,http://localhost:5000/,2,0,0
1723808846859,3,HTTP Request 250,200,OK,Thread Group 250 5-157,text,true,,189,204,1,1,http://localhost:5000/,3,0,1
1723808846863,3,HTTP Request 250,200,OK,Thread Group 250 5-158,text,true,,189,204,1,1,http://localhost:5000/,3,0,1
1723808846868,2,HTTP Request 250,200,OK,Thread Group 250 5-159,text,true,,189,204,1,1,http://localhost:5000/,2,0,0
1723808846872,4,HTTP Request 250,200,OK,Thread Group 250 5-160,text,true,,189,204,2,2,http://localhost:5000/,3,0,1
1723808846876,2,HTTP Request 250,200,OK,Thread Group 250 5-161,text,true,,189,204,1,1,http://localhost:5000/,2,0,0
1723808846879,3,HTTP Request 250,200,OK,Thread Group 250 5-162,text,true,,189,204,1,1,http://localhost:5000/,2,0,1
1723808846883,3,HTTP Request 250,200,OK,Thread Group 250 5-163,text,true,,189,204,1,1,http://localhost:5000/,3,0,1
1723808846887,4,HTTP Request 250,200,OK,Thread Group 250 5-164,text,true,,189,204,2,2,http://localhost:5000/,4,0,1
1723808846892,2,HTTP Request 250,200,OK,Thread Group 250 5-165,text,true,,189,204,1,1,http://localhost:5000/,2,0,0
1723808846895,3,HTTP Request 250,200,OK,Thread Group 250 5-166,text,true,,189,204,1,1,http://localhost:5000/,2,0,1
1723808846899,3,HTTP Request 250,200,OK,Thread Group 250 5-167,text,true,,189,204,1,1,http://localhost:5000/,3,0,1
1723808846903,5,HTTP Request 250,200,OK,Thread Group 250 5-168,text,true,,189,204,2,2,http://localhost:5000/,5,0,1
1723808846908,2,HTTP Request 250,200,OK,Thread Group 250 5-169,text,true,,189,204,1,1,http://localhost:5000/,2,0,0
1723808846911,3,HTTP Request 250,200,OK,Thread Group 250 5-170,text,true,,189,204,1,1,http://localhost:5000/,3,0,1
1723808846916,2,HTTP Request 250,200,OK,Thread Group 250 5-171,text,true,,189,204,1,1,http://localhost:5000/,2,0,0
1723808846919,5,HTTP Request 250,200,OK,Thread Group 250 5-172,text,true,,189,204,2,2,http://localhost:5000/,5,0,1
1723808846924,2,HTTP Request 250,200,OK,Thread Group 250 5-173,text,true,,189,204,1,1,http://localhost:5000/,2,0,0
1723808846927,3,HTTP Request 250,200,OK,Thread Group 250 5-174,text,true,,189,204,1,1,http://localhost:5000/,3,0,1
1723808846931,3,HTTP Request 250,200,OK,Thread Group 250 5-175,text,true,,189,204,1,1,http://localhost:5000/,3,0,1
1723808846935,5,HTTP Request 250,200,OK,Thread Group 250 5-176,text,true,,189,204,1,1,http://localhost:5000/,5,0,1
1723808846940,3,HTTP Request 250,200,OK,Thread Group 250 5-177,text,true,,189,204,2,2,http://localhost:5000/,3,0,1
1723808846943,3,HTTP Request 250,200,OK,Thread Group 250 5-178,text,true,,189,204,1,1,http://localhost:5000/,3,0,1
1723808846947,3,HTTP Request 250,200,OK,Thread Group 250 5-179,text,true,,189,204,1,1,http://localhost:5000/,3,0,1
1723808846951,3,HTTP Request 250,200,OK,Thread Group 250 5-180,text,true,,189,204,1,1,http://localhost:5000/,3,0,1
1723808846957,2,HTTP Request 250,200,OK,Thread Group 250 5-181,text,true,,189,204,1,1,http://localhost:5000/,2,0,0
1723808846960,2,HTTP Request 250,200,OK,Thread Group 250 5-182,text,true,,189,204,1,1,http://localhost:5000/,2,0,0
1723808846963,3,HTTP Request 250,200,OK,Thread Group 250 5-183,text,true,,189,204,1,1,http://localhost:5000/,3,0,1
1723808846968,3,HTTP Request 250,200,OK,Thread Group 250 5-184,text,true,,189,204,1,1,http://localhost:5000/,2,0,0
1723808846973,2,HTTP Request 250,200,OK,Thread Group 250 5-185,text,true,,189,204,2,2,http://localhost:5000/,2,0,0
1723808846976,2,HTTP Request 250,200,OK,Thread Group 250 5-186,text,true,,189,204,1,1,http://localhost:5000/,2,0,0
1723808846979,3,HTTP Request 250,200,OK,Thread Group 250 5-187,text,true,,189,204,1,1,http://localhost:5000/,3,0,1
1723808846984,2,HTTP Request 250,200,OK,Thread Group 250 5-188,text,true,,189,204,1,1,http://localhost:5000/,2,0,0
1723808846987,4,HTTP Request 250,200,OK,Thread Group 250 5-189,text,true,,189,204,2,2,http://localhost:5000/,4,0,1
1723808846992,2,HTTP Request 250,200,OK,Thread Group 250 5-190,text,true,,189,204,1,1,http://localhost:5000/,2,0,0
1723808846996,2,HTTP Request 250,200,OK,Thread Group 250 5-191,text,true,,189,204,1,1,http://localhost:5000/,2,0,0
1723808846999,3,HTTP Request 250,200,OK,Thread Group 250 5-192,text,true,,189,204,1,1,http://localhost:5000/,3,0,1
1723808847004,4,HTTP Request 250,200,OK,Thread Group 250 5-193,text,true,,189,204,2,2,http://localhost:5000/,4,0,0
1723808847008,2,HTTP Request 250,200,OK,Thread Group 250 5-194,text,true,,189,204,1,1,http://localhost:5000/,2,0,0
1723808847012,2,HTTP Request 250,200,OK,Thread Group 250 5-195,text,true,,189,204,1,1,http://localhost:5000/,2,0,0
1723808847015,3,HTTP Request 250,200,OK,Thread Group 250 5-196,text,true,,189,204,1,1,http://localhost:5000/,3,0,1
1723808847020,4,HTTP Request 250,200,OK,Thread Group 250 5-197,text,true,,189,204,2,2,http://localhost:5000/,4,0,0
1723808847023,3,HTTP Request 250,200,OK,Thread Group 250 5-198,text,true,,189,204,1,1,http://localhost:5000/,3,0,1
1723808847028,2,HTTP Request 250,200,OK,Thread Group 250 5-199,text,true,,189,204,1,1,http://localhost:5000/,2,0,0
1723808847032,2,HTTP Request 250,200,OK,Thread Group 250 5-200,text,true,,189,204,1,1,http://localhost:5000/,2,0,0
1723808847036,4,HTTP Request 250,200,OK,Thread Group 250 5-201,text,true,,189,204,2,2,http://localhost:5000/,4,0,0
1723808847040,3,HTTP Request 250,200,OK,Thread Group 250 5-202,text,true,,189,204,1,1,http://localhost:5000/,3,0,1
1723808847044,2,HTTP Request 250,200,OK,Thread Group 250 5-203,text,true,,189,204,1,1,http://localhost:5000/,2,0,0
1723808847048,2,HTTP Request 250,200,OK,Thread Group 250 5-204,text,true,,189,204,1,1,http://localhost:5000/,2,0,0
1723808847052,3,HTTP Request 250,200,OK,Thread Group 250 5-205,text,true,,189,204,1,1,http://localhost:5000/,2,0,0
1723808847057,2,HTTP Request 250,200,OK,Thread Group 250 5-206,text,true,,189,204,2,2,http://localhost:5000/,2,0,0
1723808847060,2,HTTP Request 250,200,OK,Thread Group 250 5-207,text,true,,189,204,1,1,http://localhost:5000/,2,0,0
1723808847064,2,HTTP Request 250,200,OK,Thread Group 250 5-208,text,true,,189,204,1,1,http://localhost:5000/,2,0,0
1723808847068,2,HTTP Request 250,200,OK,Thread Group 250 5-209,text,true,,189,204,1,1,http://localhost:5000/,2,0,0
1723808847073,3,HTTP Request 250,200,OK,Thread Group 250 5-210,text,true,,189,204,2,2,http://localhost:5000/,3,0,1
1723808847075,3,HTTP Request 250,200,OK,Thread Group 250 5-211,text,true,,189,204,1,1,http://localhost:5000/,3,0,1
1723808847079,3,HTTP Request 250,200,OK,Thread Group 250 5-212,text,true,,189,204,1,1,http://localhost:5000/,3,0,1
1723808847083,3,HTTP Request 250,200,OK,Thread Group 250 5-213,text,true,,189,204,1,1,http://localhost:5000/,3,0,0
1723808847088,3,HTTP Request 250,200,OK,Thread Group 250 5-214,text,true,,189,204,2,2,http://localhost:5000/,3,0,0
1723808847091,3,HTTP Request 250,200,OK,Thread Group 250 5-215,text,true,,189,204,1,1,http://localhost:5000/,3,0,1
1723808847095,3,HTTP Request 250,200,OK,Thread Group 250 5-216,text,true,,189,204,1,1,http://localhost:5000/,3,0,1
1723808847099,3,HTTP Request 250,200,OK,Thread Group 250 5-217,text,true,,189,204,1,1,http://localhost:5000/,3,0,1
1723808847104,4,HTTP Request 250,200,OK,Thread Group 250 5-218,text,true,,189,204,2,2,http://localhost:5000/,4,0,0
1723808847108,2,HTTP Request 250,200,OK,Thread Group 250 5-219,text,true,,189,204,1,1,http://localhost:5000/,2,0,0
1723808847111,3,HTTP Request 250,200,OK,Thread Group 250 5-220,text,true,,189,204,1,1,http://localhost:5000/,3,0,1
1723808847115,3,HTTP Request 250,200,OK,Thread Group 250 5-221,text,true,,189,204,1,1,http://localhost:5000/,3,0,1
1723808847119,4,HTTP Request 250,200,OK,Thread Group 250 5-222,text,true,,189,204,2,2,http://localhost:5000/,4,0,1
1723808847124,2,HTTP Request 250,200,OK,Thread Group 250 5-223,text,true,,189,204,1,1,http://localhost:5000/,2,0,0
1723808847127,2,HTTP Request 250,200,OK,Thread Group 250 5-224,text,true,,189,204,1,1,http://localhost:5000/,2,0,1
1723808847131,3,HTTP Request 250,200,OK,Thread Group 250 5-225,text,true,,189,204,1,1,http://localhost:5000/,3,0,1
1723808847136,4,HTTP Request 250,200,OK,Thread Group 250 5-226,text,true,,189,204,2,2,http://localhost:5000/,4,0,0
1723808847140,3,HTTP Request 250,200,OK,Thread Group 250 5-227,text,true,,189,204,1,1,http://localhost:5000/,3,0,1
1723808847144,2,HTTP Request 250,200,OK,Thread Group 250 5-228,text,true,,189,204,1,1,http://localhost:5000/,2,0,0
1723808847147,3,HTTP Request 250,200,OK,Thread Group 250 5-229,text,true,,189,204,1,1,http://localhost:5000/,3,0,1
1723808847152,3,HTTP Request 250,200,OK,Thread Group 250 5-230,text,true,,189,204,1,1,http://localhost:5000/,2,0,0
1723808847157,2,HTTP Request 250,200,OK,Thread Group 250 5-231,text,true,,189,204,1,1,http://localhost:5000/,2,0,0
1723808847160,2,HTTP Request 250,200,OK,Thread Group 250 5-232,text,true,,189,204,1,1,http://localhost:5000/,2,0,0
1723808847164,3,HTTP Request 250,200,OK,Thread Group 250 5-233,text,true,,189,204,1,1,http://localhost:5000/,3,0,1
1723808847168,3,HTTP Request 250,200,OK,Thread Group 250 5-234,text,true,,189,204,1,1,http://localhost:5000/,2,0,0
1723808847173,3,HTTP Request 250,200,OK,Thread Group 250 5-235,text,true,,189,204,2,2,http://localhost:5000/,3,0,1
1723808847176,2,HTTP Request 250,200,OK,Thread Group 250 5-236,text,true,,189,204,1,1,http://localhost:5000/,2,0,0
1723808847180,2,HTTP Request 250,200,OK,Thread Group 250 5-237,text,true,,189,204,1,1,http://localhost:5000/,2,0,0
1723808847183,3,HTTP Request 250,200,OK,Thread Group 250 5-238,text,true,,189,204,1,1,http://localhost:5000/,3,0,1
1723808847188,4,HTTP Request 250,200,OK,Thread Group 250 5-239,text,true,,189,204,2,2,http://localhost:5000/,4,0,1
1723808847192,2,HTTP Request 250,200,OK,Thread Group 250 5-240,text,true,,189,204,1,1,http://localhost:5000/,2,0,1
1723808847196,2,HTTP Request 250,200,OK,Thread Group 250 5-241,text,true,,189,204,1,1,http://localhost:5000/,2,0,0
1723808847199,3,HTTP Request 250,200,OK,Thread Group 250 5-242,text,true,,189,204,1,1,http://localhost:5000/,3,0,1
1723808847204,4,HTTP Request 250,200,OK,Thread Group 250 5-243,text,true,,189,204,2,2,http://localhost:5000/,4,0,1
1723808847208,2,HTTP Request 250,200,OK,Thread Group 250 5-244,text,true,,189,204,1,1,http://localhost:5000/,2,0,0
1723808847212,2,HTTP Request 250,200,OK,Thread Group 250 5-245,text,true,,189,204,1,1,http://localhost:5000/,2,0,0
1723808847215,3,HTTP Request 250,200,OK,Thread Group 250 5-246,text,true,,189,204,1,1,http://localhost:5000/,3,0,1
1723808847220,4,HTTP Request 250,200,OK,Thread Group 250 5-247,text,true,,189,204,2,2,http://localhost:5000/,4,0,0
1723808847224,2,HTTP Request 250,200,OK,Thread Group 250 5-248,text,true,,189,204,1,1,http://localhost:5000/,2,0,0
1723808847228,2,HTTP Request 250,200,OK,Thread Group 250 5-249,text,true,,189,204,1,1,http://localhost:5000/,2,0,0
1723808847232,2,HTTP Request 250,200,OK,Thread Group 250 5-250,text,true,,189,204,1,1,http://localhost:5000/,2,0,0
